MatrixDimension,SequentialTime(ms),ParallelTime(ms)
100,4.743222,3.204829
200,35.19576,20.559191
500,490.88121,342.512785
1000,4223.439098,9103.197169
