ThreadCount,ParallelTime(ms)
1,598.324549
2,368.590847
3,367.161692
4,352.276632
5,359.440752
6,352.434961
7,347.393705
8,367.388573
9,354.160244
10,354.525112
